switch,diode,row,col,key_60ansi,in_60ansi_layout,footprint,pcb_x_mm,pcb_y_mm
S1,D1,0,0,~ `,Y,Alps-switch - switched pol,466.158,218.201
S2,D2,0,1,1,Y,Alps-switch - switched pol (S2),447.108,218.201
S3,D3,0,2,2,Y,Alps-switch - switched pol,428.058,218.201
S4,D4,0,3,3,Y,ALPS-SWITCH,409.008,218.201
S5,D5,0,4,4,Y,ALPS-SWITCH,389.958,218.201
S6,D6,0,5,5,Y,ALPS-SWITCH,370.908,218.201
S7,D7,0,6,6,Y,ALPS-SWITCH,351.858,218.201
S8,D8,0,7,7,Y,ALPS-SWITCH,332.808,218.201
S9,D9,0,8,8,Y,ALPS-SWITCH,313.758,218.201
S10,D10,0,9,9,Y,ALPS-SWITCH,294.708,218.201
S11,D11,0,10,0,Y,ALPS-SWITCH,275.658,218.201
S12,D12,0,11,-,Y,ALPS-SWITCH,256.608,218.201
S13,D13,0,12,=,Y,ALPS-SWITCH,237.558,218.201
S14,D14,0,13,(split BS alt),,ALPS-SWITCH (S14),218.508,218.201
S15,D15,1,0,Tab (1.5U),Y,ALPS-switch - 1.25U - switched pol,461.395,199.151
S16,D16,1,1,Q,Y,Alps-switch,437.555,199.151
S17,D17,1,2,W,Y,ALPS-SWITCH,418.533,199.151
S18,D18,1,3,E,Y,ALPS-SWITCH,399.483,199.151
S19,D19,1,4,R,Y,ALPS-SWITCH,380.433,199.151
S20,D20,1,5,T,Y,ALPS-SWITCH,361.383,199.151
S21,D21,1,6,Y,Y,ALPS-SWITCH,342.305,199.151
S22,D22,1,7,U,Y,ALPS-SWITCH,323.283,199.151
S23,D23,1,8,I,Y,ALPS-SWITCH,304.233,199.151
S24,D24,1,9,O,Y,ALPS-SWITCH,285.183,199.151
S25,D25,1,10,P,Y,ALPS-SWITCH,266.133,199.151
S26,D26,1,11,[,Y,ALPS-SWITCH,247.083,199.151
S27,D27,1,12,],Y,ALPS-SWITCH,228.033,199.151
S28,D28,1,13,\ (1.5U),Y,ALPS-switch - 1.5U,204.22,199.151
S29,D29,2,0,Caps Lock (1.75U),Y,ALPS-SWITCH - CAPS,459.014,180.101
S30,D30,2,1,A,Y,ALPS-SWITCH,432.82,180.101
S31,D31,2,2,S,Y,ALPS-SWITCH,413.77,180.101
S32,D32,2,3,D,Y,ALPS-SWITCH,394.72,180.101
S33,D33,2,4,F,Y,ALPS-SWITCH,375.67,180.101
S34,D34,2,5,G,Y,ALPS-SWITCH,356.62,180.101
S35,D35,2,6,H,Y,ALPS-SWITCH (S35),337.57,180.101
S36,D36,2,7,J,Y,ALPS-SWITCH,318.516,180.101
S37,D37,2,8,K,Y,ALPS-SWITCH,299.47,180.101
S38,D38,2,9,L,Y,ALPS-SWITCH,280.42,180.101
S39,D39,2,10,;,Y,ALPS-SWITCH,261.37,180.101
S40,D40,2,11,',Y,ALPS-SWITCH,242.32,180.101
S41,D41,2,12,(ISO # alt),,ALPS-SWITCH,223.27,180.102
S42,D42,2,13,Return (2.25U),Y,ALPS-switch - Enter - rotated stab,211.357,180.102
S43,D43,3,0,L Shift (2.25U),Y,ALPS-switch - Left shift,454.252,161.051
S44,D44,3,1,(ISO \ alt),,ALPS-switch - smalleroffset-R,444.727,161.051
S45,D45,3,2,Z,Y,ALPS-SWITCH,423.296,161.051
S46,D46,3,3,X,Y,ALPS-SWITCH,404.246,161.051
S47,D47,3,4,C,Y,ALPS-SWITCH,385.196,161.051
S48,D48,3,5,V,Y,ALPS-SWITCH,366.146,161.051
S49,D49,3,6,B,Y,ALPS-SWITCH,347.096,161.051
S50,D50,3,7,N,Y,ALPS-SWITCH,328.046,161.051
S51,D51,3,8,M,Y,ALPS-SWITCH,308.996,161.051
S52,D52,3,9,",",Y,ALPS-SWITCH,289.946,161.051
S53,D53,3,10,.,Y,ALPS-SWITCH,270.896,161.051
S54,D54,3,11,/,Y,ALPS-SWITCH,251.846,161.051
S55,D55,3,12,(split R shift alt),,ALPS-SWITCH - CRAZY SHIFT,232.796,161.051
S56,D56,3,13,R Shift (2.75U),Y,ALPS-switch - right shift,216.128,161.051
S57,D57,4,0,L Control (1.5U),Y,ALPS-switch - L_CTRL,461.395,142.001
S58,D58,4,1,L Option (1U),Y,ALPS-switch - L_WIN,437.583,142.001
S60,D59,4,3,L Command (1.5U),Y,ALPS-switch - L_alt,413.77,142.001
S62,D60,4,5,Space (7U),Y,ALPS-switch - Space,332.808,142.001
S64,D61,4,7,(1.25U alt),,ALPS-switch - R PN,273.277,142.001
S65,D62,4,8,R Command (1.5U),Y,ALPS-switch - R_alt,251.845,142.001
S67,D63,4,10,R Option (1U),Y,ALPS-switch - R_WIN,228.033,142.001
S68,D64,4,11,R Control (1.5U),Y,ALPS-switch - R_CTRL,204.22,142.001
S69,D65,4,12,(split R shift / Fn alt),,Alps-switch - fn and shift,199.458,161.051
S70,D66,4,13,Delete (2U),Y,ALPS-SWITCH - BACKSPACE,208.983,218.201
